learning_rate,learning_starts,ent_coef,target_entropy_multiplier,0
0.009942835017899648,32,0.001899894416108889,1,0.2750556707632801
