ent_coef,learning_rate,train_freq,0
0.03000649858840366,0.0003726419698415572,9.0,0.18155401533901067
