learning_rate,train_freq,ent_coef,target_entropy_multiplier,0
0.00019111409177986877,1,0.003411902178958377,1,0.24525722030154976
