ent_coef,learning_rate,learning_starts,0
0.01725781860816527,0.002734941270925668,152.8,0.06522380007224753
