ent_coef,learning_rate,learning_starts,0
0.3804943197240291,0.006123458452128947,22.2,0.8016740718341471
