ent_coef,learning_rate,target_entropy_multiplier,train_freq,0
0.11174016053369351,6.382330043030543e-06,1.0,13.0,1.5019158673162363
