learning_rate,train_freq,ent_coef,target_entropy_multiplier,0
8.216546461292657e-06,11,0.09406234921948334,1,1.910550075934083
