ent_coef,learning_rate,train_freq,0
0.01324039888845705,5.351130262778558e-05,7.8,0.18871184036306402
