learning_rate,train_freq,ent_coef,target_entropy_multiplier,0
3.488182485563916e-05,9,0.003749733824755512,1,0.22576533954752295
