ent_coef,learning_rate,train_freq,0
0.01619068909113851,3.1986756228387455e-05,7.0,0.5831756244255019
