learning_rate,train_freq,ent_coef,target_entropy_multiplier,0
0.00027820868275897946,7,0.0019562338599420754,1,1.5030902810326272
