ent_coef,learning_rate,train_freq,0
0.06163581578397852,0.00052666569768976,12.8,1.4707369643505337
