ent_coef,learning_rate,target_entropy_multiplier,train_freq,0
0.038348312119549685,0.0001260224678952874,1.0,5.4,1.9890469541909628
