learning_rate,train_freq,ent_coef,target_entropy_multiplier,0
0.0001166722172977654,9,0.009277055393568202,1,2.0158393479738734
