learning_rate,learning_starts,ent_coef,target_entropy_multiplier,0
0.004244019519945204,62,0.23786443037168506,1,-0.4492878288908403
