learning_rate,learning_starts,ent_coef,target_entropy_multiplier,0
0.03424716017544895,107,0.22279090300616378,1,2.177673721905562
