ent_coef,learning_rate,learning_starts,target_entropy_multiplier,0
0.3312080448649527,0.04147338138512381,96.8,1.0,1.9721510418214132
