learning_rate,train_freq,ent_coef,target_entropy_multiplier,0
4.7083500157597735e-05,1,0.015230686242689057,1,0.658930132839675
