learning_rate,learning_starts,ent_coef,target_entropy_multiplier,0
0.04447620745507136,93,0.4407893356967606,1,0.12738266176110521
