ent_coef,learning_rate,learning_starts,target_entropy_multiplier,0
0.4595868069215719,0.021868091439888306,89.0,1.0,-0.06718521741789098
