learning_rate,learning_starts,ent_coef,target_entropy_multiplier,0
0.0024943901290172955,159,0.01814168936894867,1,0.12987300422089437
