ent_coef,learning_rate,target_entropy_multiplier,train_freq,0
0.2888638711012127,0.00024429863381521954,1.0,12.4,2.967928908797397
