learning_rate,train_freq,ent_coef,target_entropy_multiplier,0
0.00010182490044084673,13,0.282384236714457,1,3.0382664794959147
