learning_rate,learning_starts,ent_coef,target_entropy_multiplier,0
0.00632688618227496,124,0.004200092668569349,1,-1.5152987902062904
