ent_coef,learning_rate,learning_starts,target_entropy_multiplier,0
0.09984495914755807,0.007093381967947063,110.4,1.0,-1.954622401308551
