ent_coef,learning_rate,learning_starts,0
0.0036347579929829356,0.0053182326612109514,57.4,-0.12762447600648025
