learning_rate,learning_starts,ent_coef,target_entropy_multiplier,0
0.058932031424604035,182,0.5569827943014375,1,0.4653728601385537
