learning_rate,learning_starts,ent_coef,target_entropy_multiplier,0
0.0064314078357277345,25,0.4614891871288749,1,0.8295060814782456
