learning_rate,learning_starts,ent_coef,target_entropy_multiplier,0
0.001824939213559011,18,0.2972614584951723,1,-1.4517068376783495
