ent_coef,learning_rate,learning_starts,target_entropy_multiplier,0
0.39987532735564457,0.0029045709752447504,48.8,1.0,-1.8403124418296193
