learning_rate,train_freq,ent_coef,target_entropy_multiplier,0
1.0251766910131253e-05,11,0.04054869130353426,1,0.08413693651529465
