ent_coef,learning_rate,target_entropy_multiplier,train_freq,0
0.044723424745391996,4.298678131655773e-06,1.0,13.0,-0.011759619033093168
