ent_coef,learning_rate,learning_starts,0
0.30008922485888634,0.0027197896398534413,63.8,-0.5189755947905274
