ent_coef,learning_rate,learning_starts,target_entropy_multiplier,0
0.2904833232531482,0.006020913062214303,37.4,1.0,2.5607746189819496
