learning_rate,learning_starts,ent_coef,target_entropy_multiplier,0
0.008125422252103113,41,0.272343227619265,1,2.6945681433000144
