ent_coef,learning_rate,learning_starts,0
0.029845284018260143,0.007891747117083531,93.4,-0.5327398384547745
