ent_coef,learning_rate,learning_starts,0
0.0022403043859422285,0.007667193817212714,32.4,0.20664493726721475
