learning_rate,learning_starts,ent_coef,target_entropy_multiplier,0
0.007900694547611007,92,0.006446152972457979,1,-0.4167496615261078
