ent_coef,learning_rate,learning_starts,0
0.5249593865921224,0.037119694042369776,129.8,0.1765859299432475
