ent_coef,learning_rate,learning_starts,target_entropy_multiplier,0
0.5651317516895016,0.007665486755459465,52.8,1.0,0.4296163036052085
