learning_rate,learning_starts,ent_coef,target_entropy_multiplier,0
0.008499859399207301,50,0.7845339307133182,1,0.6693539954667098
