learning_rate,learning_starts,ent_coef,target_entropy_multiplier,0
0.002738744400558622,147,0.09931458026618614,1,0.7502111316709995
