ent_coef,learning_rate,learning_starts,target_entropy_multiplier,0
0.10850451669915522,0.0036819232462123423,125.2,1.0,0.5350958643831033
