learning_rate,learning_starts,ent_coef,target_entropy_multiplier,0
0.0025741016343549927,46,0.001800809823327788,1,-0.03389179979202126
