learning_rate,learning_starts,ent_coef,target_entropy_multiplier,0
0.003373079328541104,80,0.0670378564435848,1,1.427876202097801
