ent_coef,learning_rate,learning_starts,0
0.04232457186902625,0.009758411894437675,98.2,1.2438931489878546
