ent_coef,learning_rate,learning_starts,target_entropy_multiplier,0
0.1987395437388189,0.004034795196927331,93.4,1.0,0.30335440517324125
