learning_rate,learning_starts,ent_coef,target_entropy_multiplier,0
0.005637626108851,109,0.042206193521075346,1,1.0234728692822619
